{
  "updatingBooking" : {
    "transaction" : "updatingBooking",
    "sampleCount" : 100,
    "errorCount" : 0,
    "errorPct" : 0.0,
    "meanResTime" : 336.1999999999999,
    "medianResTime" : 267.0,
    "minResTime" : 249.0,
    "maxResTime" : 1496.0,
    "pct1ResTime" : 721.2000000000027,
    "pct2ResTime" : 836.4499999999998,
    "pct3ResTime" : 1495.3099999999997,
    "throughput" : 3.36417157275021,
    "receivedKBytesPerSec" : 3.0217094196804037,
    "sentKBytesPerSec" : 1.5112489486963834
  },
  "auth" : {
    "transaction" : "auth",
    "sampleCount" : 100,
    "errorCount" : 0,
    "errorPct" : 0.0,
    "meanResTime" : 2765.0,
    "medianResTime" : 2012.5,
    "minResTime" : 1013.0,
    "maxResTime" : 10609.0,
    "pct1ResTime" : 5667.1,
    "pct2ResTime" : 6447.799999999998,
    "pct3ResTime" : 10573.039999999983,
    "throughput" : 9.072763563781528,
    "receivedKBytesPerSec" : 6.869428756124115,
    "sentKBytesPerSec" : 2.1795896842678277
  },
  "Total" : {
    "transaction" : "Total",
    "sampleCount" : 500,
    "errorCount" : 0,
    "errorPct" : 0.0,
    "meanResTime" : 1253.6599999999996,
    "medianResTime" : 277.5,
    "minResTime" : 247.0,
    "maxResTime" : 30308.0,
    "pct1ResTime" : 3121.8,
    "pct2ResTime" : 4578.05,
    "pct3ResTime" : 10583.760000000024,
    "throughput" : 14.131479283251371,
    "receivedKBytesPerSec" : 68.97975246064384,
    "sentKBytesPerSec" : 4.242203839522921
  },
  "deleteBooking" : {
    "transaction" : "deleteBooking",
    "sampleCount" : 100,
    "errorCount" : 0,
    "errorPct" : 0.0,
    "meanResTime" : 331.95000000000005,
    "medianResTime" : 266.0,
    "minResTime" : 247.0,
    "maxResTime" : 1519.0,
    "pct1ResTime" : 282.9,
    "pct2ResTime" : 880.9,
    "pct3ResTime" : 1518.1699999999996,
    "throughput" : 3.3650772285223947,
    "receivedKBytesPerSec" : 2.4820073526937443,
    "sentKBytesPerSec" : 0.7886899754349362
  },
  "getBooking" : {
    "transaction" : "getBooking",
    "sampleCount" : 100,
    "errorCount" : 0,
    "errorPct" : 0.0,
    "meanResTime" : 2441.2,
    "medianResTime" : 1596.5,
    "minResTime" : 277.0,
    "maxResTime" : 30308.0,
    "pct1ResTime" : 3532.0,
    "pct2ResTime" : 8032.599999999988,
    "pct3ResTime" : 30180.009999999937,
    "throughput" : 3.299350028044475,
    "receivedKBytesPerSec" : 69.59054163985944,
    "sentKBytesPerSec" : 0.44141694711141904
  },
  "createBooking" : {
    "transaction" : "createBooking",
    "sampleCount" : 100,
    "errorCount" : 0,
    "errorPct" : 0.0,
    "meanResTime" : 393.94999999999993,
    "medianResTime" : 267.0,
    "minResTime" : 247.0,
    "maxResTime" : 1494.0,
    "pct1ResTime" : 893.7,
    "pct2ResTime" : 1048.499999999999,
    "pct3ResTime" : 1493.86,
    "throughput" : 3.3562678301728477,
    "receivedKBytesPerSec" : 3.092092842758852,
    "sentKBytesPerSec" : 1.4880328075180398
  }
}